full_name,stars,watchers,forks,stars_delta,watchers_delta,forks_delta,url
anthropics/claude-code,80766,80766,6693,96,96,11,https://github.com/anthropics/claude-code
affaan-m/everything-claude-code,92311,92311,12104,941,941,108,https://github.com/affaan-m/everything-claude-code
shareAI-lab/learn-claude-code,35023,35023,5627,208,208,24,https://github.com/shareAI-lab/learn-claude-code
musistudio/claude-code-router,30119,30119,2318,14,14,5,https://github.com/musistudio/claude-code-router
hesreallyhim/awesome-claude-code,29528,29528,2010,52,52,14,https://github.com/hesreallyhim/awesome-claude-code
davila7/claude-code-templates,23301,23301,2230,6,6,1,https://github.com/davila7/claude-code-templates
shanraisshan/claude-code-best-practice,19710,19710,1714,129,129,8,https://github.com/shanraisshan/claude-code-best-practice
anthropics/claude-code-action,6417,6417,1573,0,0,0,https://github.com/anthropics/claude-code-action
VoltAgent/awesome-claude-code-subagents,14596,14596,1623,24,24,6,https://github.com/VoltAgent/awesome-claude-code-subagents
diet103/claude-code-infrastructure-showcase,9302,9302,1196,1,1,0,https://github.com/diet103/claude-code-infrastructure-showcase
frankbria/ralph-claude-code,8053,8053,578,7,7,0,https://github.com/frankbria/ralph-claude-code
Piebald-AI/claude-code-system-prompts,6262,6262,862,8,8,0,https://github.com/Piebald-AI/claude-code-system-prompts
OneRedOak/claude-code-workflows,3725,3725,548,1,1,0,https://github.com/OneRedOak/claude-code-workflows
ChrisWiles/claude-code-showcase,5560,5560,486,2,2,1,https://github.com/ChrisWiles/claude-code-showcase
ykdojo/claude-code-tips,6452,6452,439,29,29,4,https://github.com/ykdojo/claude-code-tips
pedrohcgs/claude-code-my-workflow,709,709,1293,4,4,3,https://github.com/pedrohcgs/claude-code-my-workflow
1rgs/claude-code-proxy,3272,3272,428,1,1,0,https://github.com/1rgs/claude-code-proxy
disler/claude-code-hooks-mastery,3353,3353,580,2,2,0,https://github.com/disler/claude-code-hooks-mastery
zebbern/claude-code-guide,3683,3683,340,1,1,0,https://github.com/zebbern/claude-code-guide
kodu-ai/claude-coder,5288,5288,197,0,0,0,https://github.com/kodu-ai/claude-coder
Yuyz0112/claude-code-reverse,2217,2217,368,2,2,0,https://github.com/Yuyz0112/claude-code-reverse
Maciek-roboblog/Claude-Code-Usage-Monitor,7052,7052,342,6,6,0,https://github.com/Maciek-roboblog/Claude-Code-Usage-Monitor
anthropics/skills,98989,98989,10741,189,189,23,https://github.com/anthropics/skills
qwibitai/nanoclaw,24673,24673,7438,45,45,65,https://github.com/qwibitai/nanoclaw
fuergaosi233/claude-code-proxy,2201,2201,315,1,1,0,https://github.com/fuergaosi233/claude-code-proxy
anthropics/claude-code-security-review,3909,3909,326,4,4,1,https://github.com/anthropics/claude-code-security-review
RichardAtCT/claude-code-telegram,2178,2178,283,4,4,0,https://github.com/RichardAtCT/claude-code-telegram
Cranot/claude-code-guide,2507,2507,263,2,2,1,https://github.com/Cranot/claude-code-guide
anthropics/claude-code-base-action,617,617,590,1,1,0,https://github.com/anthropics/claude-code-base-action
ding113/claude-code-hub,2006,2006,235,6,6,0,https://github.com/ding113/claude-code-hub
router-for-me/CLIProxyAPI,18799,18799,3049,66,66,17,https://github.com/router-for-me/CLIProxyAPI
https-deeplearning-ai/sc-claude-code-files,456,456,620,1,1,1,https://github.com/https-deeplearning-ai/sc-claude-code-files
edmund-io/edmunds-claude-code,1343,1343,276,1,1,0,https://github.com/edmund-io/edmunds-claude-code
FlorianBruniaux/claude-code-ultimate-guide,2044,2044,317,9,9,1,https://github.com/FlorianBruniaux/claude-code-ultimate-guide
wshobson/agents,31886,31886,3481,24,24,1,https://github.com/wshobson/agents
Pimzino/claude-code-spec-workflow,3561,3561,249,0,0,0,https://github.com/Pimzino/claude-code-spec-workflow
sickn33/antigravity-awesome-skills,26278,26278,4479,55,55,9,https://github.com/sickn33/antigravity-awesome-skills
snarktank/ralph,13407,13407,1395,22,22,0,https://github.com/snarktank/ralph
eyaltoledano/claude-task-master,26028,26028,2451,7,7,0,https://github.com/eyaltoledano/claude-task-master
EveryInc/compound-engineering-plugin,10731,10731,858,15,15,0,https://github.com/EveryInc/compound-engineering-plugin
siteboon/claudecodeui,8729,8729,1112,8,8,3,https://github.com/siteboon/claudecodeui
zhukunpenglinyutong/idea-claude-code-gui,2060,2060,230,2,2,0,https://github.com/zhukunpenglinyutong/idea-claude-code-gui
feiskyer/claude-code-settings,1341,1341,199,2,2,0,https://github.com/feiskyer/claude-code-settings
sugyan/claude-code-webui,972,972,225,1,1,0,https://github.com/sugyan/claude-code-webui
obra/superpowers,102406,102406,8210,470,470,60,https://github.com/obra/superpowers
carlvellotti/claude-code-pm-course,1651,1651,248,2,2,1,https://github.com/carlvellotti/claude-code-pm-course
centminmod/my-claude-code-setup,2091,2091,208,0,0,0,https://github.com/centminmod/my-claude-code-setup
lst97/claude-code-sub-agents,1483,1483,235,0,0,-1,https://github.com/lst97/claude-code-sub-agents
ghuntley/claude-code-source-code-deobfuscation,867,867,422,0,0,0,https://github.com/ghuntley/claude-code-source-code-deobfuscation
bfly123/claude_code_bridge,1732,1732,152,8,8,0,https://github.com/bfly123/claude_code_bridge
nishimoto265/Claude-Code-Communication,495,495,237,0,0,0,https://github.com/nishimoto265/Claude-Code-Communication
anthropics/claude-plugins-official,13791,13791,1378,66,66,10,https://github.com/anthropics/claude-plugins-official
darcyegb/ClaudeCodeAgents,611,611,53,0,0,0,https://github.com/darcyegb/ClaudeCodeAgents
trailofbits/claude-code-config,1638,1638,126,4,4,0,https://github.com/trailofbits/claude-code-config
Njengah/claude-code-cheat-sheet,1457,1457,184,1,1,0,https://github.com/Njengah/claude-code-cheat-sheet
rizethereum/claude-code-requirements-builder,1759,1759,173,0,0,0,https://github.com/rizethereum/claude-code-requirements-builder
steipete/claude-code-mcp,1186,1186,144,2,2,0,https://github.com/steipete/claude-code-mcp
wanshuiyin/Auto-claude-code-research-in-sleep,2913,2913,249,44,44,7,https://github.com/wanshuiyin/Auto-claude-code-research-in-sleep
catlog22/Claude-Code-Workflow,1524,1524,124,13,13,1,https://github.com/catlog22/Claude-Code-Workflow
andrepimenta/claude-code-chat,1004,1004,155,0,0,0,https://github.com/andrepimenta/claude-code-chat
slopus/happy,15863,15863,1247,17,17,0,https://github.com/slopus/happy
disler/claude-code-hooks-multi-agent-observability,1283,1283,356,0,0,0,https://github.com/disler/claude-code-hooks-multi-agent-observability
farion1231/cc-switch,31281,31281,1879,109,109,6,https://github.com/farion1231/cc-switch
jeremylongshore/claude-code-plugins-plus-skills,1673,1673,210,1,1,0,https://github.com/jeremylongshore/claude-code-plugins-plus-skills
JessyTsui/Claude-Code-Remote,1171,1171,125,0,0,0,https://github.com/JessyTsui/Claude-Code-Remote
simonw/claude-code-transcripts,1148,1148,133,0,0,0,https://github.com/simonw/claude-code-transcripts
Alishahryar1/free-claude-code,1068,1068,129,2,2,0,https://github.com/Alishahryar1/free-claude-code
KimYx0207/Claude-Code-x-OpenClaw-Guide-Zh,2199,2199,366,2,2,1,https://github.com/KimYx0207/Claude-Code-x-OpenClaw-Guide-Zh
0xfurai/claude-code-subagents,784,784,144,0,0,0,https://github.com/0xfurai/claude-code-subagents
jarrodwatts/claude-code-config,990,990,126,2,2,0,https://github.com/jarrodwatts/claude-code-config
peterkrueck/Claude-Code-Development-Kit,1329,1329,153,0,0,-1,https://github.com/peterkrueck/Claude-Code-Development-Kit
winfunc/opcode,21035,21035,1621,4,4,1,https://github.com/winfunc/opcode
alirezarezvani/claude-skills,6131,6131,721,27,27,7,https://github.com/alirezarezvani/claude-skills
pchalasani/claude-code-tools,1597,1597,101,0,0,0,https://github.com/pchalasani/claude-code-tools
rohitg00/awesome-claude-code-toolkit,869,869,178,0,0,5,https://github.com/rohitg00/awesome-claude-code-toolkit
cixingguangming55555/wechat-bot,2533,2533,663,0,0,0,https://github.com/cixingguangming55555/wechat-bot
d-kimuson/claude-code-viewer,986,986,116,0,0,0,https://github.com/d-kimuson/claude-code-viewer
alirezarezvani/claude-code-tresor,632,632,143,1,1,1,https://github.com/alirezarezvani/claude-code-tresor
revfactory/claude-code-mastering,762,762,124,0,0,0,https://github.com/revfactory/claude-code-mastering
wasabeef/claude-code-cookbook,1045,1045,111,0,0,0,https://github.com/wasabeef/claude-code-cookbook
ComposioHQ/awesome-claude-skills,46569,46569,4741,75,75,13,https://github.com/ComposioHQ/awesome-claude-skills
anthropics/claude-agent-sdk-demos,1776,1776,272,2,2,0,https://github.com/anthropics/claude-agent-sdk-demos
Yeachan-Heo/oh-my-claudecode,10764,10764,741,37,37,3,https://github.com/Yeachan-Heo/oh-my-claudecode
timothywarner-org/claude-code,202,202,29,0,0,0,https://github.com/timothywarner-org/claude-code
ericbuess/claude-code-docs,742,742,105,0,0,0,https://github.com/ericbuess/claude-code-docs
code-yeongyu/oh-my-openagent,42058,42058,3129,70,70,0,https://github.com/code-yeongyu/oh-my-openagent
daymade/claude-code-skills,699,699,107,2,2,0,https://github.com/daymade/claude-code-skills
github/spec-kit,79112,79112,6705,115,115,10,https://github.com/github/spec-kit
anomalyco/opencode,126935,126935,13405,275,275,27,https://github.com/anomalyco/opencode
ccplugins/awesome-claude-code-plugins,641,641,145,0,0,1,https://github.com/ccplugins/awesome-claude-code-plugins
severity1/claude-code-prompt-improver,1298,1298,111,1,1,0,https://github.com/severity1/claude-code-prompt-improver
MadAppGang/claude-code,248,248,25,0,0,0,https://github.com/MadAppGang/claude-code
lyconear/Claude-Code,4,4,149,0,0,0,https://github.com/lyconear/Claude-Code
numman-ali/openskills,9146,9146,585,3,3,0,https://github.com/numman-ali/openskills
disler/pi-vs-claude-code,514,514,152,3,3,2,https://github.com/disler/pi-vs-claude-code
greggh/claude-code.nvim,1941,1941,62,1,1,0,https://github.com/greggh/claude-code.nvim
anthropics/claude-agent-sdk-python,5634,5634,754,8,8,1,https://github.com/anthropics/claude-agent-sdk-python
manzaltu/claude-code-ide.el,1417,1417,87,1,1,1,https://github.com/manzaltu/claude-code-ide.el
PleasePrompto/notebooklm-skill,4772,4772,495,14,14,1,https://github.com/PleasePrompto/notebooklm-skill
OthmanAdi/planning-with-files,16687,16687,1527,23,23,2,https://github.com/OthmanAdi/planning-with-files
